Emp_No,Name,Evolution_01,Evolution_02,Evolution_03,Evolution_04,Evolution_05,Last_Evolution
785,PIUMI GUNASEKARA,0.51,0.57,0.53,0.4,0.73,0.70
889,UDARI JAYAWARDENA,0.55,0.67,0.68,0.73,0.8,0.83
1529,NISANSALA PERERA,0.6,0.68,0.75,0.84,0.88,0.92
1767,ARYA RANATHUNGE,0.65,0.72,0.68,0.76,0.7,0.75
2198,HASHINI JAYAWARDENA,0.88,0.9,0.94,0.98,0.96,1.0
2306,ISHARA GUNASEKARA,0.49,0.53,0.6,0.68,0.71,0.77
2482,UPEKSHI PRATHIBA,0.9,0.92,0.88,0.84,0.89,0.92
2553,CHAMILA FERNANDO,0.47,0.5,0.58,0.63,0.6,0.69
2580,SANDUN GUNASENA,0.58,0.62,0.66,0.68,0.71,0.74
2619,DULNI JAYAWARDENA,0.54,0.59,0.7,0.78,0.87,0.9
2830,TILAN PERERA,0.59,0.64,0.69,0.74,0.79,0.84
2864,ANUSARA GUNARATNE,0.64,0.74,0.84,0.94,0.98,1.0
3099,SHANIKA PIYUMALI,0.69,0.79,0.76,0.78,0.8,0.85
3142,MALSHA SANDALI,0.74,0.84,0.85,0.89,0.9,0.94
5203,THARINI RATHNAYAKE,0.79,0.76,0.78,0.85,0.8,0.87
5285,GAYATHRI GUNARATNE,0.71,0.76,0.78,0.74,0.79,0.8
5351,DEVINDI THATHSARA,0.63,0.71,0.76,0.73,0.79,0.84
5603,SAMADHI WEERASINGHE,0.55,0.63,0.68,0.65,0.71,0.76
5627,PIUMI GUNAWARDENA,0.64,0.71,0.6,0.57,0.63,0.68
5712,UDARI KARUNARATHNE,0.73,0.63,0.52,0.49,0.55,0.6
6657,KALEIAMMA,0.82,0.72,0.61,0.58,0.64,0.69
6717,INDRA KUMARI,0.85,0.81,0.7,0.67,0.73,0.78
7137,CHANDRA KALA,0.88,0.9,0.79,0.76,0.82,0.87
8105,AJATHTHISKANNA,0.91,0.9,0.82,0.79,0.85,0.9
8757,RENUKA DAMAYANTHI,0.94,0.93,0.85,0.82,0.88,0.93
8966,JEEWARANI JEEWARANI,0.6,0.65,0.88,0.85,0.91,0.96
10349,DHANUSHKHA WEERASEKARA,0.67,0.72,0.91,0.88,0.94,0.99
10565,KAMALESHWARI KAMALESHWARI,0.68,0.73,0.57,0.54,0.6,0.65
10759,ANUSHA PRIYADARSHANI,0.72,0.77,0.64,0.61,0.67,0.72
10828,VINDYANI RAJAPAKSHA,0.9,0.95,0.65,0.62,0.68,0.73
11185,SUMITHRA RANASINGHE,0.53,0.58,0.69,0.66,0.72,0.77
11202,KUSUMALATHA KUSUMALATHA,0.92,0.97,0.87,0.84,0.9,0.95
11420,RUPA  SURIYAKANTHI,0.5,0.55,0.5,0.47,0.53,0.58
12235,WANITHA WANITHA,0.62,0.67,0.89,0.86,0.92,0.97
12434,ISHANI JAYATHUNGA,0.59,0.64,0.47,0.44,0.5,0.55
12768,LAKSHMI CHANDRAKANTHI,0.73,0.78,0.59,0.56,0.62,0.67
13182,SUSANTHA  KUMARI,0.84,0.89,0.56,0.53,0.59,0.64
13215,RADHIKA KARUNASENA,0.76,0.81,0.7,0.67,0.73,0.78
13721,WIJAYALAKSHMI WIJAYALAKSHMI,0.98,0.96,0.81,0.78,0.84,0.89
14473,YOGESWARY  YOGESWARY,0.68,0.73,0.73,0.7,0.76,0.81
14608,SHIVARANJANI SHIVARANJANI,0.84,0.89,0.95,0.92,0.98,0.97
14701,PARMILA PARMILA,0.63,0.68,0.65,0.62,0.68,0.73
14896,NADIYA NADIYA,0.68,0.73,0.81,0.78,0.84,0.89
15081,ANOMA DHAMAYANTHI,0.78,0.83,0.6,0.57,0.63,0.68
15188,SHANTHI KUMARI,0.72,0.8,0.76,0.73,0.79,0.84
15397,JENITA JENITA,0.8,0.88,0.84,0.86,0.85,0.9
15641,YOGESHWARY YOGESHWARY,0.88,0.96,0.92,0.94,0.93,0.97
15665,ROSHANI MENAKA,0.7,0.78,0.74,0.76,0.75,0.79
15820,RANJANI RANJANI,0.96,0.98,1.0,0.98,0.97,0.99
16186,SELWA  KUMARI,0.71,0.79,0.75,0.77,0.76,0.8
16501,UDESHIKA EDIRIWEERA,0.89,0.97,0.93,0.95,0.94,0.98
16580,LAKMALI  SANKALPANA,0.6,0.68,0.64,0.66,0.65,0.69
16631,HEMAMALA HEMAMALA,0.71,0.79,0.75,0.77,0.76,0.8
16699,PRAMILA PRAMILA,0.87,0.95,0.91,0.93,0.92,0.96
16931,SATHYASANDANI SATHYASANDANI,0.77,0.85,0.81,0.83,0.82,0.86
17290,MALARWILI MALARWILI,0.92,1.0,0.96,0.98,0.97,1.0
17695,THEEBIKA THEEBIKA,0.69,0.77,0.73,0.75,0.74,0.78
18123,DILANI LIYANAGE,0.74,0.82,0.78,0.8,0.79,0.83
18198,THUSHANTHI THUSHANTHI,0.9,0.98,0.94,0.96,0.95,0.99
18199,KANJANA KANJANA,0.5,0.53,0.55,0.5,0.58,0.47
18243,MALKANTHI RAJAPAKSHA,0.89,0.92,0.67,0.62,0.97,0.86
18411,THAKSHILA RANAWEERA,0.47,0.5,0.64,0.59,0.55,0.44
18545,NITHYAKALA NITHYAKALA,0.59,0.62,0.78,0.73,0.67,0.56
18595,CHATHURIKA MADHUSHANI,0.56,0.59,0.89,0.84,0.64,0.53
18991,NIROSHANI WEERASINGHE,0.7,0.73,0.81,0.76,0.78,0.67
18993,NIROSHANI ,0.81,0.84,0.96,0.98,0.89,0.78
19171,THEHJANI GUNARATHNA,0.73,0.76,0.73,0.68,0.81,0.7
19354,UMESHIKA SITHUMINI,0.95,0.98,0.89,0.84,0.83,0.92
19383,JEEWAMALAR JEEWAMALAR,0.65,0.68,0.68,0.63,0.73,0.62
19404,MATILDA  SAMARAWEERA,0.81,0.84,0.73,0.68,0.89,0.78
19705,SHANIKA  HANSANI,0.6,0.63,0.83,0.78,0.68,0.57
19818,UDANI THILAKARATHNA,0.76,0.79,0.8,0.72,0.84,0.73
19820,THARIKA DEVANGANI,0.84,0.85,0.88,0.8,0.9,0.86
19928,PURNIMA DILRUKSHI,0.92,0.93,0.96,0.88,0.97,0.94
19984,SUGANNIYA SUGANNIYA,0.74,0.75,0.78,0.7,0.79,0.76
19987,DARSHANI DARSHANI,1.0,0.97,0.98,0.96,0.99,0.98
19988,VINODANI VINODANI,0.75,0.76,0.79,0.71,0.8,0.77
19992,PRIYADARSHANI DHARMARATHNA,0.93,0.94,0.97,0.89,0.98,0.95
20004,NANDANI PRIYATHILAKA,0.64,0.65,0.68,0.6,0.69,0.66
20008,SUNETHRA  JAYATHILAKA,0.75,0.76,0.79,0.71,0.8,0.77
20011,MALSHIKA UDAYANGANI,0.91,0.92,0.95,0.87,0.96,0.93
20064,SASILA SASILA,0.81,0.82,0.85,0.77,0.86,0.83
20076,NANDANI MALWATHTHA,0.96,0.97,1.0,0.92,0.9,0.98
20135,NAYANA  KUMUDUNI,0.73,0.74,0.77,0.69,0.78,0.75
20136,MANJULA MANJULA,0.78,0.79,0.82,0.74,0.83,0.8
20233,HANSIKA JAYARATHNA,0.94,0.95,0.98,0.9,0.99,0.96
20301,SUMANAWATHI SUMANAWATHI,0.69,0.6,0.72,0.6,0.45,0.8
20310,DEVAPRIYA DEVAPRIYA,0.73,0.67,0.8,0.67,0.55,0.83
20383,PAVITHRA PAVITHRA,0.84,0.68,0.88,0.68,0.6,0.92
20423,SELVARANI SELVARANI,0.76,0.72,0.7,0.72,0.65,0.75
20458,PUSHPIKA PUSHPIKA,0.98,0.9,0.96,0.9,0.88,1.0
20616,MADUSHA DASANAYAKA,0.68,0.53,0.71,0.53,0.49,0.77
20711,NILUKA  NILUKA,0.84,0.92,0.89,0.92,0.9,0.92
20746,NIROSHANI NIROSHANI,0.63,0.5,0.6,0.5,0.47,0.69
20747,ANJALI ANJALI,0.68,0.62,0.71,0.62,0.58,0.74
20749,GAYATHRI GAYATHRI,0.78,0.59,0.87,0.59,0.54,0.9
20751,CHANIDAMALAR CHANIDAMALAR,0.74,0.64,0.69,0.74,0.59,0.84
20837,Nikshala Nikshala,0.94,0.74,0.98,0.9,0.64,1.0
20906,RAJA DILRUKSHANI,0.78,0.79,0.8,0.9,0.69,0.85
20955,WANOJA WANOJA,0.89,0.84,0.9,1.0,0.74,0.94
20988,INDRANI INDRANI,0.85,0.76,0.8,0.76,0.79,0.87
20989,RUPIKA DHARMASENA,0.74,0.76,0.79,0.76,0.71,0.8
20994,MADHUBHASHINI KANAWALINGAM,0.73,0.71,0.76,0.72,0.63,0.84
20997,MANOJANI MANOJANI,0.65,0.63,0.68,0.71,0.55,0.76
21097,KUMARI KUMARI,0.57,0.71,0.6,0.84,0.64,0.68
21108,KALEIRANI KALEIRANI,0.49,0.63,0.52,0.76,0.73,0.6
21124,NILUSHA  DILRUKSHI,0.58,0.72,0.61,0.68,0.82,0.69
21141,PUSHPALATHA PUSHPALATHA,0.67,0.81,0.7,0.6,0.85,0.78
21144,SUMATHI SUMATHI,0.76,0.9,0.79,0.69,0.88,0.87
21149,MINUSHA MINUSHA,0.79,0.9,0.82,0.75,0.91,0.9
21214,SABIRNAR SABIRNAR,0.82,0.93,0.85,0.84,0.94,0.93
21218,SUPRAMANIYAM THILAGA,0.85,0.65,0.88,0.93,0.6,0.96
21287,RASIKA RASIKA,0.88,0.72,0.91,0.96,0.67,0.99
21299,SRIDEVI SRIDEVI,0.54,0.73,0.57,0.62,0.68,0.65
21326,HIRU PERERA,0.61,0.77,0.64,0.69,0.72,0.72
21358,LECHCHUMAN DULAKSHI,0.62,0.59,0.58,0.63,0.63,0.65
21378,BENADIC SILVIYA,0.69,0.66,0.65,0.65,0.7,0.72
21379,KAUSHALYA ERAMINIGAMA,0.7,0.67,0.66,0.68,0.71,0.73
21466,SARASPARI SARASPARI,0.77,0.74,0.73,0.69,0.78,0.8
21468,SWETHA SWETHA,0.78,0.75,0.74,0.76,0.79,0.81
21471,PUSHPA  KUMARI,0.85,0.82,0.81,0.77,0.86,0.88
21516,MADHUBHASHI MADHUBHASHI,0.86,0.83,0.82,0.84,0.87,0.89
21594,SENANI RUPIKA,0.93,0.9,0.89,0.85,0.94,0.96
21694,PUWANAYOJANI PUWANAYOJANI,0.94,0.91,0.9,0.92,0.95,0.97
21724,SUBRAMANIYAM VINODANI,0.83,0.93,0.89,0.92,0.94,0.96
21725,AMIRTHALINGAM NALIKA,0.9,1.0,0.96,0.99,0.97,1.0
21726,KLAMAS PAULINAMERI,0.91,0.93,0.97,1.0,0.94,0.98
21727,CHITHRA IRANGANI,0.8,0.9,0.86,0.89,0.91,0.93
21781,DINUSHA DINUSHA,0.87,0.97,0.93,0.96,0.98,1.0
21878,SHIROMA PIYANGANI,0.88,0.98,0.94,0.97,0.99,1.0
21997,KUMAR VIJEDARSHANI,0.77,0.87,0.83,0.86,0.88,0.9
22014,DHEVI  DHEVI,0.84,0.94,0.9,0.93,0.95,0.97
22021,PRAVEENA PRAVEENA,0.85,0.95,0.91,0.94,0.96,0.98
22066,ELISABATH ELISABATH,0.74,0.84,0.8,0.83,0.85,0.87
22085,MADISHANTHINI MADISHANTHINI,0.81,0.91,0.87,0.9,0.92,0.94
22118,VIJITHA VIJITHA,0.82,0.92,0.88,0.91,0.93,0.95
22127,THARANGANEE KARUNADASA,0.71,0.81,0.77,0.8,0.82,0.84
22181,SHANTHI PERERA,0.78,0.88,0.84,0.87,0.89,0.84
22199,DILUSHA DILUSHA,0.79,0.89,0.85,0.88,0.9,0.91
22234,CHANDRA KUMARI,0.68,0.78,0.74,0.77,0.79,0.92
22242,RASHIKA MAHENDRAN,0.75,0.85,0.81,0.84,0.86,0.81
22247,ANUSHIYA NIROSHANI,0.76,0.86,0.82,0.85,0.87,0.88
22264,KRISHNASHANTHANI KRISHNASHANTHANI,0.65,0.75,0.71,0.74,0.76,0.89
22337,AKHILA AKHILA,0.72,0.82,0.78,0.81,0.83,0.78
22375,MENAKA,0.73,0.83,0.79,0.82,0.84,0.85
22389,KUSUMAWATHIE,0.62,0.72,0.68,0.71,0.73,0.86
22408,NIPUNI,0.69,0.79,0.75,0.78,0.8,0.75
22438,VILASHINI,0.7,0.8,0.76,0.79,0.81,0.82
22456,SHAN,0.59,0.69,0.65,0.68,0.7,0.83
22491,CHATHURANGANI,0.66,0.76,0.72,0.75,0.77,0.72
22492,HANSIKA,0.67,0.77,0.73,0.76,0.78,0.79
22509,JEGAJOTHI,0.56,0.66,0.62,0.65,0.67,0.8
22526,KALYANI,0.63,0.73,0.69,0.72,0.74,0.69
22535,GAWASHINI,0.64,0.74,0.7,0.73,0.75,0.76
22570,VIPULI,0.53,0.63,0.59,0.62,0.64,0.77
22581,JEYAMARY,0.6,0.7,0.66,0.69,0.71,0.66
22588,DEEPA,0.61,0.71,0.67,0.7,0.72,0.73
22618,THARUSHIKA,0.5,0.6,0.56,0.59,0.61,0.74
22624,PUBUDUNI,0.57,0.67,0.63,0.66,0.68,0.63
22625,MALA,0.58,0.68,0.64,0.67,0.69,0.7
22664,SHIWARANJANI,0.47,0.57,0.53,0.56,0.58,0.71
22670,DILUSHI,0.54,0.64,0.6,0.63,0.65,0.6
22671,SURANGANI,0.55,0.65,0.61,0.64,0.66,0.67
22672,ARUNI,0.44,0.54,0.5,0.53,0.55,0.68
22725,SIRIDEVI,0.51,0.61,0.57,0.6,0.62,0.57
22730,SUNETHRA,0.52,0.62,0.58,0.61,0.63,0.64
22732,MANO,0.89,0.9,0.85,0.84,0.74,0.94
22733,DILUSHIKA,0.85,0.8,0.78,0.76,0.79,0.87
22786,NILANI,0.74,0.79,0.78,0.76,0.71,0.8
22831,SIVARANJANI,0.73,0.79,0.76,0.71,0.63,0.84
22936,CHANDRAMALI,0.65,0.71,0.68,0.63,0.55,0.76
22952,DAMAYANTHI LATHA,0.57,0.63,0.6,0.71,0.64,0.68
23004,MEGALA,0.49,0.55,0.52,0.63,0.73,0.6
23009,GRESHA,0.58,0.64,0.61,0.72,0.82,0.69
23019,ANTONY,0.67,0.73,0.7,0.81,0.85,0.78
23023,WATHTHAGE,0.76,0.82,0.79,0.9,0.88,0.87
23038,SEETHA,0.79,0.85,0.82,0.9,0.91,0.9
23061,SARUNIYA,0.82,0.88,0.85,0.93,0.94,0.93
23064,RENUKA WIJEKOON,0.85,0.91,0.88,0.65,0.6,0.96
23075,NEETHA,0.88,0.94,0.91,0.72,0.67,0.99
23076,RAMANI SILVA,0.54,0.6,0.57,0.73,0.68,0.65
23081,PUNYAMOORTHI,0.61,0.67,0.64,0.77,0.72,0.72
23089,MAHESHIKA PIYUMALI,0.62,0.68,0.65,0.95,0.9,0.73
23094,LOGANADAN,0.66,0.72,0.69,0.58,0.53,0.77
23100,DEWWANDI,0.84,0.9,0.87,0.97,0.92,0.95
23111,NIROSHA WEERASINGHE,0.47,0.53,0.5,0.55,0.5,0.58
23116,PERIYASAMI,0.86,0.92,0.89,0.67,0.62,0.97
23129,VIDURSHANI,0.44,0.5,0.47,0.64,0.59,0.55
23139,CHAMODYA,0.56,0.62,0.59,0.78,0.73,0.67
23142,KALPANI EKANAYAKE,0.53,0.59,0.56,0.89,0.84,0.64
23163,NADARAJA,0.67,0.73,0.7,0.81,0.76,0.78
23165,SHASINDU,0.78,0.84,0.81,0.96,0.98,0.89
23202,IRESHA,0.7,0.76,0.73,0.73,0.68,0.81
23203,SHANIKA,0.92,0.98,0.95,0.89,0.84,0.98
23235,DILHANI,0.62,0.68,0.65,0.68,0.63,0.73
23267,NISANSALA JAYAWARDENA,0.78,0.84,0.81,0.73,0.68,0.89
23276,AMAYA RUHUNAGE,0.57,0.63,0.6,0.83,0.78,0.68
23310,HASHINI ERANDIKA,0.73,0.79,0.76,0.8,0.72,0.84
23334,ANUTHTHARA,0.86,0.85,0.84,0.88,0.8,0.9
23359,DEVENDRAN,0.94,0.93,0.92,0.96,0.88,0.97
23361,GANDI,0.76,0.75,0.74,0.78,0.7,0.79
23367,RANGIMA PERERA,0.98,0.97,1.0,0.98,0.96,0.99
23407,THUSHARA,0.77,0.76,0.75,0.79,0.71,0.8
23411,DARSHANI,0.95,0.94,0.93,0.97,0.89,0.98
23417,KAUSHIKA FERNANDOO,0.66,0.65,0.64,0.68,0.6,0.69
23419,DEVADAS,0.77,0.76,0.75,0.79,0.71,0.8
23433,HEMANTHA,0.93,0.92,0.91,0.95,0.87,0.96
23442,DANUSHKA,0.83,0.82,0.81,0.85,0.77,0.86
23444,DHANANJALA,0.98,0.97,0.96,1.0,0.92,0.99
23445,SANDALI WITHARANA,0.75,0.74,0.73,0.77,0.69,0.78
23449,KALAIWANI,0.8,0.79,0.78,0.82,0.74,0.83
23452,NITHYAKALA,0.96,0.95,0.94,0.98,0.9,0.99
23454,RAVI SILVA,0.5,0.58,0.55,0.53,0.5,0.47
23464,RAMAN,0.62,0.97,0.67,0.92,0.89,0.86
23472,VIGNESWARI,0.59,0.55,0.64,0.5,0.47,0.44
23483,KALEIWANI,0.73,0.67,0.78,0.62,0.59,0.56
23486,NADHIYA,0.84,0.64,0.89,0.59,0.56,0.53
23491,MIDHURSHA,0.76,0.78,0.81,0.73,0.7,0.67
23498,MAHENDRIKA,0.98,0.89,0.96,0.84,0.81,0.78
23499,KIRUBA,0.68,0.81,0.73,0.76,0.73,0.7
23500,SHALINI,0.84,0.98,0.89,0.98,0.95,0.92
23504,RIDMI,0.63,0.73,0.68,0.68,0.65,0.62
23520,NIMALKA,0.68,0.89,0.73,0.84,0.81,0.78
23532,SUBRAMANIYAM,0.78,0.68,0.83,0.63,0.6,0.57
23535,HARSHI,0.72,0.84,0.8,0.79,0.76,0.73
23536,THUSHANI,0.8,0.9,0.88,0.85,0.84,0.86
23538,NISANSALA,0.88,0.97,0.96,0.93,0.92,0.94
23554,THAMILINI,0.7,0.79,0.78,0.75,0.74,0.76
23556,USHANI,0.96,0.99,0.98,0.97,1.0,0.98
23568,FATHIMA,0.71,0.8,0.79,0.76,0.75,0.77
23588,VAIJAYANTHIMALA,0.89,0.98,0.97,0.94,0.93,0.95
23610,PRASHANDINI,0.6,0.69,0.68,0.65,0.64,0.66
23611,MANJULA,0.71,0.8,0.79,0.76,0.75,0.77
23621,INOKA PRIYADARSHANI,0.87,0.96,0.95,0.92,0.91,0.93
23641,STELA,0.77,0.86,0.85,0.82,0.81,0.83
23675,CHANDRIKA,0.92,0.94,1.0,0.97,0.96,0.98
23692,SARMILA,0.69,0.78,0.77,0.74,0.73,0.75
23700,MANORI,0.74,0.83,0.82,0.79,0.78,0.8
23701,KUMUDUNI,0.9,0.99,0.98,0.95,0.94,0.96
23717,DILRUKSHI,0.6,0.45,0.72,0.6,0.69,0.8
23781,SUMEDA,0.67,0.55,0.8,0.67,0.73,0.83
23788,NADEEKA SIRIWARDHANA,0.68,0.6,0.88,0.68,0.84,0.92
23796,KAUSHALYA,0.72,0.65,0.7,0.72,0.76,0.75
23797,KALEIPRIYA,0.9,0.88,0.96,0.9,0.98,1.0
23802,NILMINI GUNASIGHE,0.53,0.49,0.71,0.53,0.68,0.77
23813,KUMARI,0.92,0.9,0.89,0.92,0.84,0.92
23822,DINUSHA,0.5,0.47,0.6,0.5,0.63,0.69
23825,INDRANI,0.62,0.58,0.71,0.62,0.68,0.74
23832,HARANIYA,0.59,0.54,0.87,0.59,0.78,0.9
23837,ANUSHIKA,0.74,0.59,0.69,0.64,0.74,0.84
23840,THAMIL,0.83,0.85,0.84,0.84,0.87,0.86
23842,AMANDA,0.9,0.69,0.8,0.79,0.78,0.85
23844,DEEPIKA,1.0,0.74,0.9,0.84,0.89,0.94
23847,NIMESHANI,0.76,0.79,0.8,0.76,0.85,0.87
23853,SHARMILA,0.76,0.71,0.79,0.76,0.74,0.8
23868,LASANTHIKA,0.72,0.63,0.76,0.71,0.73,0.84
23876,NIMESH,0.71,0.55,0.68,0.63,0.65,0.76
23878,PARIMILA,0.84,0.64,0.6,0.71,0.57,0.68
23882,SASINI,0.76,0.73,0.52,0.63,0.49,0.6
23887,PESHALA,0.68,0.82,0.61,0.72,0.58,0.69
23890,NADEEKA,0.6,0.85,0.7,0.81,0.67,0.78
23899,DAHAMI,0.69,0.88,0.79,0.9,0.76,0.87
23903,SIVASAMI,0.75,0.91,0.82,0.9,0.79,0.9
23905,VIJAYA,0.84,0.94,0.85,0.93,0.82,0.93
23906,JEYAKUMAR,0.93,0.6,0.88,0.65,0.85,0.96
23910,SACHINI,0.96,0.67,0.91,0.72,0.88,0.99
23921,SALIKA,0.62,0.68,0.57,0.73,0.54,0.65
23923,PUWANESHWARI,0.69,0.72,0.64,0.77,0.61,0.72
23924,MUNNESWARAM,0.63,0.63,0.58,0.59,0.62,0.65
23929,SELVARAJ,0.65,0.7,0.65,0.66,0.69,0.72
23935,CHAMPI,0.68,0.71,0.66,0.67,0.7,0.73
23946,MADHUSHAN ,0.69,0.78,0.73,0.74,0.77,0.8
23948,KAVIDA,0.76,0.79,0.74,0.75,0.78,0.81
23952,NILUSHIKA,0.77,0.86,0.81,0.82,0.85,0.88
23953,DEDUNU,0.84,0.87,0.82,0.83,0.86,0.89
23957,PARAMASIVAM,0.85,0.94,0.89,0.9,0.93,0.96
23967,NAYANATHARA,0.92,0.95,0.9,0.91,0.94,0.97
23974,ANUSHA ,0.92,0.94,0.89,0.93,0.83,0.96
23975,UDESHA,0.99,0.97,0.96,1.0,0.9,1.0
23979,DAMAYANTHI,1.0,0.94,0.97,0.93,0.91,0.95
23988,YADUSHALINI,0.89,0.91,0.86,0.9,0.8,0.93
23993,GANGA,0.96,0.98,0.93,0.97,0.87,1.0
23998,HARSHANI,0.97,0.99,0.94,0.98,0.88,0.9
24000,SABITHTHRA,0.86,0.88,0.83,0.87,0.77,0.9
24001,HARIYADARSINI,0.93,0.95,0.9,0.94,0.84,0.97
24005,CHANDRABOS,0.94,0.96,0.91,0.95,0.85,0.98
24006,KRISTINA,0.83,0.85,0.8,0.84,0.74,0.87
24013,RENUKA,0.9,0.92,0.87,0.91,0.81,0.94
24022,JORI,0.91,0.93,0.88,0.92,0.82,0.95
24031,PRIYANKARA GUNAWARDANA,0.8,0.82,0.77,0.81,0.71,0.84
24033,DANUSHIKA,0.87,0.89,0.84,0.88,0.78,0.84
24034,THILINA,0.88,0.9,0.85,0.89,0.79,0.91
24035,PRIYANGANI,0.77,0.79,0.74,0.78,0.68,0.92
24037,YOGA,0.84,0.86,0.81,0.85,0.75,0.81
24042,MALSHA,0.85,0.87,0.82,0.86,0.76,0.88
24044,SEBESTHINA,0.74,0.76,0.71,0.75,0.65,0.89
24047,THAKSHILA,0.81,0.83,0.78,0.82,0.72,0.78
24049,DAMMIKA,0.82,0.84,0.79,0.83,0.73,0.85
24055,MADHUSHIKA,0.71,0.73,0.68,0.72,0.62,0.86
24060,SOBANA,0.78,0.8,0.75,0.79,0.69,0.75
24061,KAUMADI,0.79,0.81,0.76,0.8,0.7,0.82
24063,JAYADARSHI,0.68,0.7,0.65,0.69,0.59,0.83
24066,DISNA,0.75,0.77,0.72,0.76,0.66,0.72
24067,RASIKA SELVAM,0.76,0.78,0.73,0.77,0.67,0.79
24071,NIRMA,0.65,0.67,0.62,0.66,0.56,0.8
24072,SAHANI,0.72,0.74,0.69,0.73,0.63,0.69
24075,CHANDANI,0.73,0.75,0.7,0.74,0.64,0.76
24084,SARANYA,0.62,0.64,0.59,0.63,0.53,0.77
24090,RANGANI,0.69,0.71,0.66,0.7,0.6,0.66
24092,PREENA,0.7,0.72,0.67,0.71,0.61,0.73
24093,SUBHASHINI,0.59,0.61,0.56,0.6,0.5,0.74
24108,SELVAWENI,0.66,0.68,0.63,0.67,0.57,0.63
24110,SHARIED,0.67,0.69,0.64,0.68,0.58,0.7
24114,KALAIVANI,0.56,0.58,0.53,0.57,0.47,0.71
24130,INOKA,0.63,0.65,0.6,0.64,0.54,0.6
24135,RASALINGAM,0.64,0.66,0.61,0.65,0.55,0.67
24145,PRASHASTHI,0.53,0.55,0.5,0.54,0.44,0.68
24147,RASHMI,0.6,0.62,0.57,0.61,0.51,0.57
24148,SANDAMALI,0.61,0.63,0.58,0.62,0.52,0.64
24153,NESAKALA,0.8,0.83,0.87,0.85,0.89,0.9
24155,MADUSHIKA,0.87,0.9,0.94,0.92,0.96,0.97
24156,HASHINIKA,0.88,0.91,0.95,0.93,0.97,0.98
24161,DILINI MADHUSHA,0.77,0.8,0.84,0.82,0.86,0.87
24173,HASHINI,0.84,0.87,0.91,0.89,0.93,0.94
24174,HIRUNI,0.85,0.88,0.92,0.9,0.94,0.95
24194,SEWMINI,0.74,0.77,0.81,0.79,0.83,0.84
24204,SUPIPI SEWWANDI,0.81,0.84,0.88,0.86,0.9,0.91
24207,LALITHA,0.82,0.85,0.89,0.87,0.91,0.92
24213,NIMESHA,0.71,0.74,0.78,0.76,0.8,0.81
24214,PIYUMI,0.78,0.81,0.85,0.83,0.87,0.88
24216,SENURI,0.79,0.82,0.86,0.84,0.88,0.89
24221,MALANI,0.68,0.71,0.75,0.73,0.77,0.78
24222,ANUSHKA,0.75,0.78,0.82,0.8,0.84,0.85
24223,SEWWANDIKA,0.76,0.79,0.83,0.81,0.85,0.86
24228,SUMUDU,0.65,0.68,0.72,0.7,0.74,0.75
24230,NIRANJANI,0.72,0.75,0.79,0.77,0.81,0.82
24233,MOGAN,0.73,0.76,0.8,0.78,0.82,0.83
24237,HANDI,0.62,0.65,0.69,0.67,0.71,0.72
24238,SIYANI,0.69,0.72,0.76,0.74,0.78,0.79
24240,VINOJAYA,0.7,0.73,0.77,0.75,0.79,0.8
24241,RAJU,0.59,0.62,0.66,0.64,0.68,0.69
24242,VIJAYALECHCHAMI,0.66,0.69,0.73,0.71,0.75,0.76
24243,NILANTHI,0.67,0.7,0.74,0.72,0.76,0.77
24252,SEWWANDI KAVINDYA,0.56,0.59,0.63,0.61,0.65,0.66
24255,MADHUSHANI,0.63,0.66,0.7,0.68,0.72,0.73
24256,PRIYANKA,0.64,0.67,0.71,0.69,0.73,0.74
24257,DHARSHIKA,0.53,0.56,0.6,0.58,0.62,0.63
24258,DILANI,0.6,0.63,0.67,0.65,0.69,0.7
24266,THILAKESHWARI,0.61,0.64,0.68,0.66,0.7,0.71
24269,DIMALKA,0.5,0.53,0.57,0.55,0.59,0.6
24276,SARADHA,0.57,0.6,0.64,0.62,0.66,0.67
24291,SAJITHRA,0.58,0.61,0.65,0.63,0.67,0.68
24292,THUSHANTHANI,0.47,0.5,0.54,0.52,0.56,0.57
24294,THILOSINI,0.54,0.57,0.61,0.59,0.63,0.64
24298,NIMALI,0.55,0.58,0.62,0.6,0.64,0.65
24302,NETHMINI,0.44,0.47,0.51,0.49,0.53,0.54
24303,LAKSHANI,0.51,0.54,0.58,0.56,0.6,0.61
24314,DHARMARANI,0.52,0.55,0.59,0.57,0.61,0.62
24322,PREETHIMALI,0.55,0.6,0.57,0.62,0.65,0.67
24323,ANUPAMA,0.58,0.63,0.6,0.65,0.68,0.64
24324,SEWWANDI,0.61,0.66,0.63,0.68,0.71,0.67
24332,SUDARSHANI,0.64,0.69,0.66,0.71,0.74,0.7
24353,MADHUSHA,0.67,0.72,0.69,0.74,0.77,0.73
24359,THISARI,0.7,0.75,0.72,0.77,0.8,0.76
24360,SUBA,0.73,0.78,0.75,0.8,0.83,0.79
24362,PRARTHANA,0.76,0.81,0.78,0.83,0.86,0.82
24366,ANUSHIYA,0.79,0.84,0.81,0.86,0.89,0.85
24367,YALINI,0.82,0.87,0.84,0.89,0.92,0.88
24368,CHAMPIKA,0.85,0.9,0.87,0.92,0.95,0.91
24370,JENOSIKA,0.88,0.93,0.9,0.95,0.98,0.94
24374,RASIKA,0.91,0.96,0.93,0.98,0.96,0.97
24377,VANATHIYA,0.94,0.99,0.96,0.92,0.96,1.0
24380,VISHADHI,0.91,0.88,0.96,1.0,0.98,0.99
24381,DASUNIKA,0.88,0.85,0.93,0.97,0.95,0.96
24382,DIVIYA,0.85,0.82,0.9,0.94,0.92,0.93
24384,NADEEGA,0.82,0.79,0.87,0.91,0.89,0.9
24385,CHAMODI,0.79,0.76,0.84,0.88,0.86,0.87
24386,THAWACHELVI,0.76,0.73,0.81,0.85,0.83,0.84
24392,SANGAVI,0.73,0.7,0.78,0.82,0.8,0.81
24394,MALI,0.7,0.67,0.75,0.79,0.77,0.78
24395,SATHYAMOORTHI,0.67,0.64,0.72,0.76,0.74,0.75
24396,JEEVARANI,0.64,0.61,0.69,0.73,0.71,0.72
24411,JEEWANI,0.61,0.58,0.66,0.7,0.68,0.69
24420,DINUSHIKA,0.58,0.55,0.63,0.67,0.65,0.66
24423,LOGESHWARI,0.55,0.52,0.6,0.64,0.62,0.63
24429,MANOJ,0.52,0.49,0.57,0.61,0.59,0.6
24441,ANOMA,0.49,0.46,0.54,0.58,0.56,0.57
24448,DILMI,0.46,0.43,0.51,0.55,0.53,0.54
24454,MANGALIKA,0.43,0.4,0.48,0.52,0.5,0.51
24465,DARSHA,0.63,0.6,0.68,0.72,0.7,0.71
24467,CHITHRA,0.65,0.62,0.7,0.74,0.72,0.73
24470,PAVISHA,0.67,0.64,0.72,0.76,0.74,0.75
24472,SUDHARMA,0.69,0.66,0.74,0.78,0.76,0.77
24477,RUKSHIYA,0.71,0.68,0.76,0.8,0.78,0.79
24484,HARESHA,0.73,0.7,0.78,0.82,0.8,0.81
24486,YOGARANJANI,0.75,0.72,0.8,0.84,0.82,0.83
24494,DARSHINI,0.77,0.74,0.82,0.86,0.84,0.85
24495,NAVODYA,0.79,0.76,0.84,0.88,0.86,0.87
24502,RASMI,0.81,0.78,0.86,0.9,0.88,0.89
24515,KRISHNADEVI,0.83,0.8,0.88,0.92,0.9,0.91
24520,KANDIMADHI,0.85,0.82,0.9,0.94,0.92,0.93
24524,THILINI,0.87,0.84,0.92,0.96,0.94,0.95
24562,RAMYA,0.89,0.86,0.94,0.98,0.96,0.97
24573,INDRAJA,0.91,0.88,0.96,1.0,0.98,0.99
24574,RAMANI,0.93,0.9,0.93,0.97,0.95,0.96
24575,KALPANI,0.95,0.92,0.9,0.94,0.92,0.93
24576,NUWAN SILVA,0.97,0.94,0.96,1.0,0.98,0.99
24577,NADEESHA PERERA,0.73,0.68,0.71,0.66,0.64,0.74
24578,CHAMINDA FERNANDO,0.76,0.71,0.74,0.69,0.75,0.77
24579,DILINI JAYAWARDENA,0.79,0.74,0.77,0.72,0.78,0.8
24580,THARINDU KUMARA,0.82,0.77,0.8,0.75,0.81,0.83
24581,KAVINDU MATHASINGHE,0.85,0.8,0.83,0.78,0.84,0.86
24582,AYOMI SAMARASINGHE,0.88,0.83,0.86,0.81,0.87,0.89
24583,DINUSHA GUNARATNE,0.91,0.86,0.89,0.84,0.9,0.92
24584,CHAMARI KULARATHNE,0.94,0.89,0.92,0.87,0.93,0.95
24585,KASUN RAJAPAKSA,0.86,0.81,0.84,0.79,0.85,0.87
24586,MALITH PERERA,0.89,0.84,0.87,0.82,0.88,0.9
24587,SANDALI RANASINGHE,0.81,0.76,0.79,0.74,0.8,0.82
24588,SAMEERA GUNAWARDENA,0.84,0.79,0.82,0.77,0.83,0.85
24589,ISHARA NETHMINI,0.76,0.71,0.74,0.69,0.75,0.77
24590,NISHANTHA SAMARAWEERA,0.79,0.74,0.77,0.72,0.78,0.8
24591,THILINI KUMARI,0.71,0.66,0.69,0.64,0.7,0.72
24592,LASITHA WIDANA,0.74,0.69,0.72,0.67,0.73,0.75
24593,THARAKA WALAWA,0.66,0.61,0.64,0.59,0.65,0.67
24594,RASIKA BANDARA,0.69,0.64,0.67,0.62,0.68,0.7
24595,SHANIKA DISSANAYAKE,0.61,0.56,0.59,0.54,0.6,0.62
24596,BUDDHIKA RAJAPAKSE,0.64,0.59,0.62,0.57,0.63,0.65
24597,MADUSHA PEIRIS,0.56,0.51,0.54,0.49,0.55,0.57
24598,THILAK JAYASINGHE,0.59,0.54,0.57,0.52,0.58,0.6
24599,SASHINI FERNANDO,0.51,0.46,0.49,0.44,0.5,0.52
24600,SAMPATH BANDARA,0.54,0.49,0.52,0.47,0.53,0.55
24601,THARINDU LIYANAGE,0.46,0.41,0.44,0.5,0.45,0.58
24602,MENAKA DAMAYANTHI,0.49,0.44,0.47,0.42,0.48,0.5
24603,CHAMATH WIJESINGHE,0.62,0.66,0.55,0.68,0.72,0.63
24604,SAJITHA KUMARI,0.65,0.69,0.58,0.71,0.75,0.66
24605,SANJEEWA WEERASINGHE,0.68,0.72,0.61,0.74,0.78,0.69
24606,NIROSHANI SILVA,0.71,0.75,0.64,0.77,0.81,0.72
24607,RUWANTHI DE SILVA,0.74,0.78,0.67,0.8,0.84,0.75
24608,JANAKA BANDARA,0.77,0.81,0.7,0.83,0.87,0.78
24609,THARINDU SAMARAWEERA,0.8,0.84,0.73,0.86,0.9,0.81
24610,GAYAN JAYASURIYA,0.83,0.87,0.76,0.89,0.93,0.84
24611,DILANI FERNANDO,0.86,0.9,0.79,0.92,0.96,0.87
24612,PRABATH RAJAPAKSA,0.89,0.93,0.82,0.95,0.99,0.9
24613,NUWANI GUNASEKARA,0.92,0.96,0.85,0.98,0.96,0.93
24614,ISURU KARUNARATNE,0.95,0.99,0.88,0.9,0.94,0.96
24615,ANUSHA RANASINGHE,0.98,0.96,0.91,0.98,0.99,0.99
24616,SAMPATH GUNARATNE,0.9,0.94,0.83,0.96,0.98,0.91
24617,REKA WIDHANA,0.93,0.97,0.86,0.99,0.97,0.94
24618,CHAMINDA RATHNAYAKE,0.85,0.89,0.78,0.91,0.95,0.86
24619,CHATHURANGA SILVA,0.88,0.92,0.81,0.94,0.98,0.89
24620,DINUSHIKA WITHARANA,0.8,0.84,0.73,0.86,0.9,0.81
24621,LAHIRU GUNASEKARA,0.83,0.87,0.76,0.89,0.93,0.84
24622,THARINDU MADUSHA,0.75,0.79,0.68,0.81,0.85,0.76
24623,NUWANI RATHNAYAKE,0.78,0.82,0.71,0.84,0.88,0.79
24624,UDARA SILVA,0.7,0.74,0.63,0.76,0.8,0.71
24625,MANORI FERNANDO,0.73,0.77,0.66,0.79,0.83,0.74
24626,ROSHAN JAYASURIYA,0.65,0.69,0.58,0.71,0.75,0.66
24627,THILANI BANDARA,0.68,0.72,0.61,0.74,0.78,0.69
24628,RANGA KARUNARATNE,0.6,0.64,0.53,0.66,0.7,0.61
24629,CHAMARI MANDRA,0.63,0.67,0.56,0.69,0.73,0.64
24630,DAMITHA RAJAPAKSA,0.55,0.59,0.48,0.61,0.65,0.56
24631,UPEKSHA KARUNATHILAKA,0.58,0.62,0.51,0.64,0.68,0.59
24632,KASUN BANDARA,0.5,0.54,0.43,0.56,0.6,0.51
24633,SAJITHA PERERA,0.53,0.57,0.46,0.59,0.63,0.54
24634,GAYANI RATHNAYAKE,0.45,0.49,0.38,0.51,0.55,0.46
24635,CHAMIKA SILVA,0.48,0.52,0.41,0.54,0.58,0.49
24636,THIHARI KAUSHALYA,0.4,0.44,0.48,0.46,0.5,0.56
24637,NUWAN JAYAWARDENA,0.43,0.47,0.51,0.49,0.53,0.59
24638,SANDUNI NETHMINI,0.5,0.48,0.52,0.56,0.6,0.57
24639,SAMEERA SAMARAWEERA,0.54,0.52,0.56,0.6,0.64,0.61
24640,INDIKA SILVA,0.58,0.56,0.6,0.64,0.68,0.65
24641,NISHANI PERERA,0.62,0.6,0.64,0.68,0.72,0.69
24642,PRASAD DE SILVA,0.66,0.64,0.68,0.72,0.76,0.73
24643,ANURADHA FERNANDO,0.7,0.68,0.72,0.76,0.8,0.77
24644,CHATHURA JAYASURIYA,0.74,0.72,0.76,0.8,0.84,0.81
24645,THARAKA RATHNAYAKE,0.78,0.76,0.8,0.84,0.88,0.85
24646,LASITHA SILVA,0.82,0.8,0.84,0.88,0.92,0.89
24647,RUWANI JAYAWARDENA,0.86,0.84,0.88,0.92,0.96,0.93
24648,DILRUKSHI PERERA,0.9,0.88,0.92,0.96,0.98,0.97
24649,WIKALPA FERNANDO,0.94,0.92,0.96,0.98,0.95,0.99
24650,RAVI GUNARATNE,0.98,0.96,0.98,0.97,0.95,0.98
24651,MADUSHAN BANDARA,0.92,0.9,0.94,0.98,0.99,0.99
24652,RUKMAL FERNANDO,0.96,0.94,0.98,0.94,0.98,1.0
24653,SANGEETHA PERERA,0.9,0.88,0.92,0.96,0.97,0.97
24654,THILANKA RATHNAYAKE,0.94,0.92,0.96,0.98,0.97,1.0
24655,KUSAL SILVA,0.88,0.86,0.9,0.94,0.98,0.95
24656,KAVINDI JAYAWARDENA,0.92,0.9,0.94,0.98,0.97,0.99
24657,CHAMATH BANDARA,0.86,0.84,0.88,0.92,0.96,0.93
24658,THILINI FERNANDO,0.9,0.88,0.92,0.96,0.99,0.97
24659,JANITHA PRIYADARSHANI,0.84,0.82,0.86,0.9,0.94,0.91
24660,ROSHAN DE SILVA,0.88,0.86,0.9,0.94,0.98,0.95
24661,NADEERA DISANAYAKE,0.82,0.8,0.84,0.88,0.92,0.89
24662,NADEEKA GUNARATNE,0.86,0.84,0.88,0.92,0.96,0.93
24663,DINUSHAN FERNANDO,0.8,0.78,0.82,0.86,0.9,0.87
24664,THARUSHI RATHNAYAKE,0.84,0.82,0.86,0.9,0.94,0.91
24665,SAMEERA SILVA,0.78,0.76,0.8,0.84,0.88,0.85
24666,JANAN MANATHUNGA,0.82,0.8,0.84,0.88,0.92,0.89
24667,KASUNI  IMALKA,0.76,0.74,0.78,0.82,0.86,0.83
24668,NIROSHA FERNANDO,0.8,0.78,0.82,0.86,0.9,0.87
24669,SANJEEWA BANDARA,0.74,0.72,0.76,0.8,0.84,0.81
24670,CHAMILA SILVA,0.78,0.76,0.8,0.84,0.88,0.85
24671,THARINDI NIRASHA,0.72,0.7,0.74,0.78,0.82,0.79
24672,DILRUKSHI SILVA,0.76,0.74,0.78,0.82,0.86,0.83
24673,PRASANNA JAYAWARDENA,0.7,0.68,0.72,0.76,0.8,0.77
24674,MALINDA PERERA,0.74,0.72,0.76,0.8,0.84,0.81
24675,SANDUNI FERNANDO,0.68,0.66,0.7,0.74,0.78,0.75
24676,SETHUMI DINETHYA,0.72,0.7,0.74,0.78,0.82,0.79
24677,THARANGA SILVA,0.66,0.64,0.68,0.72,0.76,0.73
24678,KALDERA ,0.7,0.68,0.72,0.76,0.8,0.77
24679,ROSHAN GUNARATNE,0.64,0.62,0.66,0.7,0.74,0.71
24680,SHASHIKA DE SILVA,0.68,0.66,0.7,0.74,0.78,0.75
24681,NUWANI BANDARA,0.62,0.6,0.64,0.68,0.72,0.69
24682,SAJITH PERERA,0.66,0.64,0.68,0.72,0.76,0.73
24683,KAVINDU FERNANDO,0.6,0.58,0.62,0.66,0.7,0.67
24684,DINUSHA JAYASURIYA,0.64,0.62,0.66,0.7,0.74,0.71
24685,CHAMARI RATHNAYAKE,0.58,0.56,0.6,0.64,0.68,0.65
24686,KASUN SILVA,0.62,0.6,0.64,0.68,0.72,0.69
24687,THILANKA PERERA,0.56,0.54,0.58,0.62,0.66,0.63
24688,NUWANI DILHARA,0.6,0.58,0.62,0.66,0.7,0.67
24689,RASHMI JAYAWARDENA,0.54,0.52,0.56,0.6,0.64,0.61
24690,PRADEEP GUNARATNE,0.58,0.56,0.6,0.64,0.68,0.65
24691,THILINI BANDARA,0.52,0.5,0.54,0.58,0.62,0.59
24692,ASANKI THARAKA,0.56,0.54,0.58,0.62,0.66,0.63
24693,MADUSHAN RATHNAYAKE,0.5,0.48,0.52,0.56,0.6,0.57
24694,ISHARA SILVA,0.54,0.52,0.56,0.6,0.64,0.61
24695,NIROSHA JAYASURIYA,0.48,0.46,0.5,0.54,0.58,0.55
24696,BUDDHIKA FERNANDO,0.52,0.5,0.54,0.58,0.62,0.59
24697,SANGEETHA GUNASEKARA,0.46,0.44,0.48,0.52,0.56,0.53
24698,CHAMINDA JAYAWARDENA,0.5,0.48,0.52,0.56,0.6,0.57
24699,GAYAN RANDIMA,0.44,0.42,0.46,0.5,0.54,0.51
24700,THARINDU FERNANDO,0.48,0.46,0.5,0.54,0.58,0.55
24701,NUWANI JAYASURIYA,0.42,0.4,0.44,0.48,0.52,0.49
24702,CHAMARA RATHNAYAKE,0.46,0.44,0.48,0.52,0.56,0.53
24703,DILINI SILVA,0.4,0.43,0.47,0.46,0.5,0.52
24704,THILANKA SILVA,0.44,0.42,0.46,0.5,0.54,0.51
24705,NIROSHA JAYAWARDENA,0.7,0.67,0.72,0.75,0.73,0.8
24706,LAKMAL GUNARATNE,0.68,0.61,0.66,0.73,0.67,0.74
24707,THARINDU BANDARA,0.66,0.65,0.7,0.71,0.71,0.78
24708,MADUSHIKA DE SILVA,0.64,0.59,0.64,0.69,0.65,0.72
24709,ROSHANI SILVA,0.62,0.63,0.68,0.67,0.69,0.76
24710,SAYUMI JAYAWARDENA,0.6,0.57,0.62,0.65,0.63,0.7
24711,SAMANTHA GUNATHILKA,0.58,0.61,0.66,0.63,0.67,0.74
24712,KUMUDU ,0.56,0.55,0.6,0.61,0.61,0.68
24713,THARAKI LAKMA,0.54,0.59,0.64,0.59,0.65,0.72
24714,PRABATH JAYASURIYA,0.52,0.53,0.58,0.57,0.59,0.66
24715,RUWANDI WISHAKYA,0.5,0.57,0.62,0.55,0.63,0.7
24716,KASUN PRABATH,0.48,0.51,0.56,0.53,0.57,0.64
24717,CHAMINDA SILVA,0.46,0.55,0.6,0.51,0.61,0.68
24718,THILAN MAHEN,0.44,0.49,0.54,0.49,0.55,0.62
24719,FATHIMA NUZAIK,0.42,0.53,0.58,0.63,0.68,0.66
24720,SANDALI RATHNAYAKE,0.66,0.7,0.63,0.68,0.7,0.72
24721,NIROSHA GUNARATNE,0.68,0.72,0.65,0.7,0.72,0.74
24722,CHAMIKA JAYASURIYA,0.7,0.74,0.67,0.72,0.74,0.76
24723,DILSHAN BANDARA,0.72,0.76,0.69,0.74,0.76,0.78
24724,FAHMA MAHIN,0.74,0.78,0.71,0.76,0.78,0.8
24725,ISHANI RATHNAYAKE,0.76,0.8,0.73,0.78,0.8,0.82
24726,PRADEEP SILVA,0.78,0.82,0.75,0.8,0.82,0.84
24727,NUSKIYA MOHOMED,0.8,0.84,0.77,0.82,0.84,0.86
24728,FATHIMA AFRA,0.82,0.86,0.79,0.84,0.86,0.88
24729,FATHIMA SALMA,0.84,0.88,0.81,0.86,0.88,0.9
24730,GAYANI PERERA,0.86,0.9,0.83,0.88,0.9,0.92
24731,ROSHAN FERNANDO,0.88,0.92,0.85,0.9,0.92,0.94
24732,KAVINDU RATHNAYAKE,0.9,0.94,0.87,0.92,0.94,0.96
24733,MADUSHA GUNARATNE,0.92,0.96,0.89,0.94,0.96,0.98
24734,NIROSHA DE SILVA,0.94,0.98,0.91,0.96,0.98,1.0
24735,KASUN PERERA,0.82,0.9,0.78,0.83,0.85,0.87
24736,SANDALI FERNANDO,0.8,0.92,0.76,0.83,0.85,0.87
24737,CHAMARA JAYAWARD,0.78,0.8,0.74,0.81,0.82,0.84
24738,UDARA SMPATH,0.76,0.78,0.72,0.79,0.8,0.83
24739,SHAN GUNARATNE,0.74,0.76,0.7,0.77,0.78,0.81
24740,THILINA WIDANA,0.72,0.74,0.68,0.75,0.76,0.79
24741,HASHARA,0.7,0.72,0.66,0.73,0.74,0.77
24742,MOHOMAD NABIL,0.68,0.7,0.64,0.71,0.72,0.75
24743,MOHOMAD NAUSHAD,0.66,0.68,0.62,0.69,0.7,0.73
24744,MOHOMAD RIFAD,0.64,0.66,0.6,0.67,0.68,0.71
24745,MOHOMAD ALI,0.62,0.64,0.58,0.65,0.66,0.69
24746,ASANKI HARENDRA,0.6,0.62,0.56,0.63,0.64,0.67
24747,HASHINI MELANIKA,0.58,0.6,0.54,0.61,0.62,0.65
24748,YASHODA WIMALADASA,0.56,0.58,0.52,0.59,0.6,0.63
24749,YOSHITHA KUMAR,0.54,0.56,0.5,0.57,0.58,0.61
24750,THARAKI HANSAMALI,0.52,0.54,0.48,0.55,0.56,0.59
24751,CHATHURANGA ABEKON,0.5,0.52,0.46,0.53,0.54,0.57
24752,MITHUNI GUNATHIKA,0.48,0.5,0.44,0.51,0.52,0.55
24753,THAJEEVA ,0.46,0.48,0.42,0.49,0.5,0.53
24754,SANUTH DILASHN ,0.44,0.46,0.4,0.47,0.48,0.51
24755,FATHIMA RISKIYA,0.42,0.44,0.38,0.45,0.46,0.49
24756,SIVANI ,0.4,0.42,0.36,0.43,0.44,0.47
24757,INTHIKAI ,0.79,0.68,0.75,0.82,0.7,0.73
24758,RADIKA MAHEN,0.77,0.8,0.73,0.8,0.82,0.85
24759,JOTHI ILNGA,0.75,0.77,0.71,0.78,0.79,0.82
24760,SOBANI WIMLASITH,0.73,0.75,0.69,0.76,0.77,0.8
24761,MITHSHI HIRANYA,0.71,0.73,0.67,0.74,0.75,0.78
24762,KAMALANI THEWARAJ,0.69,0.71,0.65,0.72,0.73,0.76
24763,JAYODA KUMARI,0.67,0.69,0.63,0.7,0.71,0.74
24764,HIMASHA DESHANI,0.65,0.67,0.61,0.68,0.69,0.72
24765,DINUTH WITHANA,0.63,0.65,0.59,0.66,0.67,0.7
24766,MINULI MAHEKA,0.61,0.63,0.57,0.64,0.65,0.68
24767,DARSHAN DE KOSTHA,0.59,0.61,0.55,0.62,0.63,0.66
24768,PRADEEPA WITHARAN,0.57,0.59,0.53,0.6,0.61,0.64
24769,YASIRU WIJESINGHE,0.55,0.57,0.51,0.58,0.59,0.62
24770,KAUMINI ,0.53,0.55,0.49,0.56,0.57,0.6
24771,RADIKA KUMARI,0.51,0.53,0.47,0.54,0.55,0.58
24772,CHARUNDI KARIYAWASAM,0.49,0.51,0.45,0.52,0.53,0.56
24773,THAMINDU FERNANDO,0.47,0.49,0.43,0.5,0.51,0.54
24774,HIROSHAN ,0.45,0.47,0.41,0.48,0.49,0.52
24775,GIHAN UDUNUWARA,0.43,0.45,0.39,0.46,0.47,0.5
24776,MASHI SILVA,0.41,0.43,0.37,0.44,0.45,0.48
24777,MADURANGI SOYSA,0.43,0.41,0.39,0.46,0.43,0.46
24778,DASATH KARUNARATHNE,0.78,0.75,0.74,0.81,0.77,0.8
24779,NIPUN MANJITHA,0.76,0.72,0.72,0.79,0.74,0.77
24780,UDUL WITHANA,0.74,0.76,0.7,0.77,0.78,0.81
24781,RAMANI FERNANDO,0.72,0.74,0.68,0.75,0.76,0.79
24782,KAMALESHAN,0.7,0.72,0.66,0.73,0.74,0.77
24783,MITHYODYA SUBASH,0.68,0.7,0.64,0.71,0.72,0.75
24784,VIDARSHAN,0.66,0.68,0.62,0.69,0.7,0.73
24785,KANTHI COORAY,0.64,0.66,0.6,0.67,0.68,0.71
24786,SAMITH CALDERA,0.72,0.64,0.68,0.75,0.66,0.69
24787,TESHAN WIKUM,0.56,0.62,0.52,0.59,0.64,0.67
24788,HELANI MAHESHYA,0.62,0.64,0.67,0.65,0.69,0.73
24789,GEVIN DANUSHKA,0.59,0.61,0.64,0.62,0.66,0.7
24790,SANDARUWANI YASHODA,0.56,0.58,0.61,0.59,0.63,0.67
24791,IMASH PRASANNA,0.53,0.55,0.58,0.56,0.6,0.64
24792,ATHULA UDARA,0.5,0.52,0.55,0.53,0.57,0.61
24793,BINOSH KAVINDU,0.47,0.49,0.52,0.5,0.54,0.58
24794,RANMUTHU SANDUN ,0.65,0.67,0.7,0.68,0.72,0.76
24795,WIKUM BHAGYA,0.62,0.64,0.67,0.65,0.69,0.73
24796,DAHAM NETHSAR,0.59,0.61,0.64,0.62,0.66,0.7
24797,SAMEERA WIDANAGE,0.56,0.58,0.61,0.59,0.63,0.67
24798,NIRUTHMI NEVINDI,0.53,0.55,0.58,0.56,0.6,0.64
24799,PAHANDI NATASHA,0.5,0.52,0.55,0.53,0.57,0.61
24800,GEETHMA MANORI,0.68,0.7,0.73,0.71,0.75,0.79
24801,MANORI GAMAGE,0.65,0.67,0.7,0.68,0.72,0.76
24802,NIPUN USWATHTHA,0.62,0.64,0.67,0.65,0.69,0.73
24803,MANEL KODITHUWAKKU,0.59,0.61,0.64,0.62,0.66,0.7
24804,KARUNALATHA ,0.56,0.58,0.61,0.59,0.63,0.67
24805,KUMARASIRI WITHANAGE,0.53,0.55,0.58,0.56,0.6,0.64
24806,SAM,0.71,0.73,0.76,0.74,0.78,0.82
24807,RENU MAHENDRA,0.68,0.7,0.73,0.71,0.75,0.79
24808,YAMUNA KUMARI,0.65,0.67,0.7,0.68,0.72,0.76
24809,KUMARI PRIYANKA,0.62,0.64,0.67,0.65,0.69,0.73
24810,HARSHA RATHNAYAKE,0.59,0.61,0.64,0.62,0.66,0.7
24811,THILINA DE SILVA,0.56,0.58,0.61,0.59,0.63,0.67
24812,JAYADEWA RAMANAYKE,0.74,0.76,0.79,0.77,0.81,0.85
24813,PRAMUDITHA GUNASEKARA,0.71,0.73,0.76,0.74,0.78,0.82
24814,DINUSHI JAYASURIYA,0.68,0.7,0.73,0.71,0.75,0.79
24815,ASANKA PERERA,0.65,0.67,0.7,0.68,0.72,0.76
24816,KAVINDA GUNARATNE,0.62,0.64,0.67,0.65,0.69,0.73
24817,JANANI RATHNAYAKE,0.59,0.61,0.64,0.62,0.66,0.7
24818,SAMEERA FERNANDO,0.77,0.79,0.82,0.8,0.84,0.88
24819,HEMANTHA ,0.74,0.76,0.79,0.77,0.81,0.85
24820,CHAMARA SILVA,0.71,0.73,0.76,0.74,0.78,0.82
24821,ISURU PERERA,0.68,0.7,0.73,0.71,0.75,0.79
24822,SHASHIKA GUNARATNE,0.65,0.67,0.7,0.68,0.72,0.76
24823,GIMANTHA WITHANA,0.62,0.64,0.67,0.65,0.69,0.73
24824,UDANA FERNANDO,0.8,0.82,0.85,0.83,0.87,0.91
24825,SUPUN RATHNAYAKE,0.77,0.79,0.82,0.8,0.84,0.88
24826,DILHARA GUNASEKARA,0.74,0.76,0.79,0.77,0.81,0.85
24827,THARAKA JAYASURIYA,0.71,0.73,0.76,0.74,0.78,0.82
24828,JANITHA PERERA,0.68,0.7,0.73,0.71,0.75,0.79
24829,SURANGA GUNARATNE,0.65,0.67,0.7,0.68,0.72,0.76
24830,THIRUNODYA WITHANA,0.83,0.85,0.88,0.86,0.9,0.94
24831,KASUN KALDERA,0.8,0.82,0.85,0.83,0.87,0.91
24832,YAMUNA HETTIGMA,0.77,0.79,0.82,0.8,0.84,0.88
24833,NUWARANSI HIMYA,0.74,0.76,0.79,0.77,0.81,0.85
24834,GAYAN PERERA,0.71,0.73,0.76,0.74,0.78,0.82
24835,INDIKA RATHNAYAKE,0.68,0.7,0.73,0.71,0.75,0.79
24836,THILINI SILVA,0.86,0.88,0.91,0.89,0.93,0.97
24837,PRADEEP GUNASEKARA,0.83,0.85,0.88,0.86,0.9,0.94
24838,YASAS JAYASURIYA,0.8,0.82,0.85,0.83,0.87,0.91
24839,KASUNI PERERA,0.77,0.79,0.82,0.8,0.84,0.88
24840,NUWANI FERNANDO,0.74,0.76,0.79,0.77,0.81,0.85
24841,HIMASHI PATHIRANA,0.71,0.73,0.76,0.74,0.78,0.82
24842,SENURI DHANAYAKA,0.89,0.91,0.94,0.92,0.96,1.0
24843,DANUSHKA SILVA,0.86,0.88,0.91,0.89,0.93,0.97
24844,UDULA YASMITHA,0.83,0.85,0.88,0.86,0.9,0.94
24845,MAHESH PERERA,0.8,0.82,0.85,0.83,0.87,0.91
24846,DILAN FERNANDO,0.77,0.79,0.82,0.8,0.84,0.88
24847,KUSAL GUNARATNE,0.74,0.76,0.79,0.77,0.81,0.85
24848,NIPUNI JAYASURIYA,0.43,0.4,0.47,0.45,0.49,0.53
24849,CHAMARA DE SILVA,0.45,0.42,0.49,0.49,0.51,0.55
24850,RUWANI GUNASEKARA,0.47,0.44,0.51,0.51,0.53,0.55
24851,KAVINDYA RATHNAYAKE,0.49,0.46,0.53,0.53,0.55,0.57
24852,PRABATH FERNANDO,0.51,0.48,0.55,0.55,0.57,0.59
24853,JASINTHA HETTIGAMA,0.53,0.5,0.57,0.57,0.59,0.61
24854,THILANKA JAYAWARDENA,0.55,0.52,0.59,0.59,0.61,0.63
24855,SAMPATH PERERA,0.57,0.54,0.61,0.61,0.63,0.65
24856,MADUSHAN FERNANDO,0.59,0.56,0.63,0.63,0.65,0.67
24857,GAYANI GUNASEKARA,0.61,0.58,0.65,0.65,0.67,0.69
24858,NUWAN JAYASURIYA,0.63,0.6,0.67,0.67,0.69,0.71
24859,SHANIKA MADUMALI,0.65,0.62,0.69,0.69,0.71,0.73
24860,CHAMARA GUNARATNE,0.67,0.64,0.71,0.71,0.73,0.75
24861,JANITH JAYAWARDENA,0.69,0.66,0.73,0.73,0.75,0.77
24862,SUMUDU MADUBASHINI,0.71,0.68,0.75,0.75,0.77,0.79
24863,SAHAN FERNANDO,0.73,0.7,0.77,0.77,0.79,0.81
24864,NUWANTHA GUNASEKARA,0.75,0.72,0.79,0.79,0.81,0.83
24865,NIMAHS HANSAMALI,0.77,0.74,0.81,0.81,0.83,0.85
24866,CHATHURA PERERA,0.79,0.76,0.83,0.83,0.85,0.87
24867,UDITHA RATHNAYAKE,0.81,0.78,0.85,0.85,0.87,0.89
24868,ISHAN FERNANDO,0.83,0.8,0.87,0.87,0.89,0.91
24869,SANDAMALI GUNARATNE,0.85,0.82,0.89,0.89,0.91,0.93
24870,SUMUDU BASNAYAKA,0.87,0.84,0.91,0.91,0.93,0.95
24871,DINUSHI JAYAWARDENA,0.89,0.86,0.93,0.93,0.95,0.97
24872,RANGA PERERA,0.91,0.88,0.95,0.95,0.97,0.99
24873,CHAMINDA GUNARATNE,0.93,0.9,0.97,0.97,0.99,1.0
24874,MALSHA DE SILVA,0.95,0.92,0.99,0.99,0.98,0.99
24875,SAMPATH JAYASURIYA,0.97,0.94,0.96,0.97,0.98,0.98
24876,NUWAN FERNANDO,0.91,0.88,0.95,0.95,0.97,0.99
24877,SHASHIKA GUNASEKARA,0.93,0.9,0.97,0.97,0.99,1.0
24878,DANANJAYA LAKSHAN,0.87,0.84,0.91,0.91,0.93,0.95
24879,UDESH FERNANDO,0.89,0.86,0.93,0.93,0.95,0.97
24880,RANDIKA SILVA,0.83,0.8,0.87,0.87,0.89,0.91
24881,HARINDU BASNAYAKA,0.85,0.82,0.89,0.89,0.91,0.93
24882,THILINA JAYAWARDENA,0.79,0.76,0.83,0.83,0.85,0.87
24883,SAHAN GUNARATNE,0.81,0.78,0.85,0.85,0.87,0.89
24884,NELUM KARUNARAHNE,0.75,0.72,0.79,0.79,0.81,0.83
24885,DINUSHI GUNASEKARA,0.77,0.74,0.81,0.81,0.83,0.85
24886,ASANKA RATHNAYAKE,0.71,0.68,0.75,0.75,0.77,0.79
24887,KAVINDA JAYASURIYA,0.73,0.7,0.77,0.77,0.79,0.81
24888,JANANI PERERA,0.67,0.64,0.71,0.71,0.73,0.75
24889,GAYANI POORNIMA,0.69,0.66,0.73,0.73,0.75,0.77
24890,ASHANI JAYAWARDENA,0.63,0.6,0.67,0.67,0.69,0.71
24891,CHAMARA FERNANDO,0.65,0.62,0.69,0.69,0.71,0.73
24892,ISURU GUNASEKARA,0.59,0.56,0.63,0.63,0.65,0.67
24893,SHASHIKA RATHNAYAKE,0.61,0.58,0.65,0.65,0.67,0.69
24894,NISANSALA DE SILVA,0.55,0.52,0.59,0.59,0.61,0.63
24895,UDANA PERERA,0.57,0.54,0.61,0.61,0.63,0.65
24896,SUPUN GUNARATNE,0.51,0.48,0.55,0.55,0.57,0.59
24897,DILHARA JAYAWARDENA,0.53,0.5,0.57,0.57,0.59,0.61
24898,THARAKA GUNASEKARA,0.47,0.44,0.51,0.51,0.53,0.55
24899,JANITHA SILVA,0.49,0.46,0.53,0.53,0.55,0.57
24900,SURANGA RATHNAYAKE,0.43,0.4,0.47,0.47,0.49,0.51
24901,THARINDU DE SILVA,0.45,0.42,0.49,0.49,0.51,0.53
24902,HEMAL THARAKA,0.87,0.85,0.88,0.92,0.86,0.93
24903,DEELUKA NONIS,0.83,0.81,0.84,0.88,0.82,0.89
24904,NUWAN GUNARATNE,0.79,0.77,0.8,0.84,0.78,0.85
24905,DANUSHKA RATHNAYAKE,0.75,0.73,0.76,0.8,0.74,0.81
24906,UDITHA FERNANDO,0.71,0.69,0.72,0.76,0.7,0.77
24907,HECTOR WEERAKKODI,0.67,0.65,0.68,0.72,0.66,0.73
24908,RUWAN SILVA,0.63,0.61,0.64,0.68,0.62,0.69
24909,DASUN PRARTHANA,0.59,0.57,0.6,0.64,0.58,0.65
24910,NIROSHAN GUNASEKARA,0.55,0.53,0.56,0.6,0.54,0.61
24911,DASUN MADUSHAN,0.51,0.49,0.52,0.56,0.5,0.57
24912,HARSHA JAYASURIYA,0.47,0.45,0.48,0.52,0.46,0.53
24913,DINUSHIKA RATHNAYAKE,0.43,0.41,0.44,0.48,0.42,0.49
24914,IMESH PERERA,0.49,0.47,0.5,0.54,0.48,0.55
24915,KAVEESHA GUNARATNE,0.45,0.43,0.46,0.5,0.44,0.51
24916,SAMEERA JAYAWARDENA,0.51,0.49,0.52,0.56,0.5,0.57
24917,KASUN FERNANDO,0.47,0.45,0.48,0.52,0.46,0.53
24918,GAUTHEM ,0.53,0.51,0.54,0.58,0.52,0.59
24919,THARINDU RATHNAYAKE,0.49,0.47,0.5,0.54,0.48,0.55
24920,RANDIKA DE SILVA,0.55,0.53,0.56,0.6,0.54,0.61
24921,PRAMUDITHA GUNARATNE,0.51,0.49,0.52,0.56,0.5,0.57
24922,ISHAN JAYAWARDENA,0.57,0.55,0.58,0.62,0.56,0.63
24923,CHAMIKA PERERA,0.53,0.51,0.54,0.58,0.52,0.59
24924,SANDARUWANI ,0.59,0.57,0.6,0.64,0.58,0.65
24925,SAWANI WATHSALA,0.55,0.53,0.56,0.6,0.54,0.61
24926,LAHIRU EKANAYAKA,0.61,0.59,0.62,0.66,0.6,0.67
24927,DILSHAN JAYASURIYA,0.57,0.55,0.58,0.62,0.56,0.63
24928,KUSAL RATHNAYAKE,0.63,0.61,0.64,0.68,0.62,0.69
24929,SASHINI PERERA,0.59,0.57,0.6,0.64,0.58,0.65
24930,BASNAYAKA ,0.65,0.63,0.66,0.7,0.64,0.71
24931,JANITHA JAYAWARDENA,0.61,0.59,0.62,0.66,0.6,0.67
24932,SANDUNI DE SILVA,0.67,0.65,0.68,0.72,0.66,0.73
24933,HIRUSHI BARANASOORIYA,0.63,0.61,0.64,0.68,0.62,0.69
24934,HASINI FERNANDO,0.69,0.67,0.7,0.74,0.68,0.75
24935,SAMPATH RATHNAYAKE,0.65,0.63,0.66,0.7,0.64,0.71
24936,LAKSHAN PERERA,0.71,0.69,0.72,0.76,0.7,0.77
24937,PRADEEP JAYASURIYA,0.67,0.65,0.68,0.72,0.66,0.73
24938,CHAMATH GUNARATNE,0.73,0.71,0.74,0.78,0.72,0.79
24939,UDITHA JAYAWARDENA,0.69,0.67,0.7,0.74,0.68,0.75
24940,THILANI DE SILVA,0.75,0.73,0.76,0.8,0.74,0.81
24941,NADEEKA GUNASEKARA,0.71,0.69,0.72,0.76,0.7,0.77
24942,GETHMI HIRAYA,0.77,0.75,0.78,0.82,0.76,0.83
24943,SITHUM JAYASURIYA,0.73,0.71,0.74,0.78,0.72,0.79
24944,DEWMA BANDARA,0.79,0.77,0.8,0.84,0.78,0.85
24945,ASANKA GUNARATNE,0.75,0.73,0.76,0.8,0.74,0.81
24946,RUWANI SILVA,0.81,0.79,0.82,0.86,0.8,0.87
24947,MALITH FERNANDO,0.77,0.75,0.78,0.82,0.76,0.83
24948,YOSHITH BANDARA,0.83,0.81,0.84,0.88,0.82,0.89
24949,CHAMILA JAYAWARDENA,0.79,0.77,0.8,0.84,0.78,0.85
24950,PABASARA SILVA,0.85,0.83,0.86,0.9,0.84,0.91
24951,ISHANI PERERA,0.81,0.79,0.82,0.86,0.8,0.87
24952,KASUNI RATHNAYAKE,0.87,0.85,0.88,0.92,0.86,0.93
24953,NALIN JAYAWARDENA,0.83,0.81,0.84,0.88,0.82,0.89
24954,THARINDU GUNARATNE,0.89,0.87,0.9,0.94,0.88,0.95
24955,SACHINI PERERA,0.85,0.83,0.86,0.9,0.84,0.91
24956,DINUKA JAYASURIYA,0.91,0.89,0.92,0.96,0.9,0.97
24957,UDARA RATHNAYAKE,0.87,0.85,0.88,0.92,0.86,0.93
24958,MADUSHI PAWINYA,0.93,0.91,0.94,0.98,0.92,0.99
24959,NUWANTHA FERNANDO,0.89,0.87,0.9,0.94,0.88,0.95
24960,DILSHAN JAYAWARDENA,0.95,0.93,0.96,0.98,0.94,0.97
24961,KASUN GUNARATNE,0.91,0.89,0.92,0.96,0.9,0.97
24962,SAHAN PERERA,0.97,0.95,0.98,0.97,0.96,0.98
24963,THARINDU GUNASEKARA,0.93,0.91,0.94,0.98,0.92,0.99
24964,PRAMUDITHA JAYASURIYA,0.99,0.97,1.0,0.98,0.98,1.0
24965,HASINI RATHNAYAKE,0.95,0.93,0.96,0.97,0.94,0.96
24966,SAMPATH GUNASEKARA,0.89,0.91,0.87,0.89,0.93,0.94
24967,LAKSHAN FERNANDO,0.95,0.97,0.93,0.95,0.99,1.0
24968,PRADEEP PERERA,0.91,0.93,0.89,0.91,0.95,0.96
24969,ISHAN GUNARATNE,0.85,0.87,0.83,0.85,0.89,0.9
24970,REKA BALASOORIYA,0.91,0.93,0.89,0.91,0.95,0.96
24971,NUWAN GUNASEKARA,0.87,0.89,0.85,0.87,0.91,0.92
24972,HASITHA PERERA,0.81,0.83,0.79,0.81,0.85,0.86
24973,SAJITH RATHNAYAKE,0.87,0.89,0.85,0.87,0.91,0.92
24974,DANUSHKA FERNANDO,0.83,0.85,0.81,0.83,0.87,0.88
24975,UDITHA GUNARATNE,0.77,0.79,0.75,0.77,0.81,0.82
24976,THARINDU SILVA,0.83,0.85,0.81,0.83,0.87,0.88
24977,RUWAN JAYAWARDENA,0.79,0.81,0.77,0.79,0.83,0.84
24978,MALSHA GUNASEKARA,0.73,0.75,0.71,0.73,0.77,0.78
24979,NIROSHAN PERERA,0.79,0.81,0.77,0.79,0.83,0.84
24980,ISHANI GEETHMA,0.75,0.77,0.73,0.75,0.79,0.8
24981,HARSHA GUNARATNE,0.69,0.71,0.67,0.69,0.73,0.74
24982,DINUSHIKA JAYAWARDENA,0.75,0.77,0.73,0.75,0.79,0.8
24983,IMESH GUNASEKARA,0.71,0.73,0.69,0.71,0.75,0.76
24984,KAVEESHA FERNANDO,0.65,0.67,0.63,0.65,0.69,0.7
24985,SAMEERA GUNARATNE,0.71,0.73,0.69,0.71,0.75,0.76
24986,KASUN JAYAWARDENA,0.67,0.69,0.65,0.67,0.71,0.72
24987,SAHAN GUNASEKARA,0.61,0.63,0.59,0.61,0.65,0.66
24988,THARINDU JAYASURIYA,0.67,0.69,0.65,0.67,0.71,0.72
24989,RANDIKA RATHNAYAKE,0.63,0.65,0.61,0.63,0.67,0.68
24990,PRAMUDITHA DE SILVA,0.57,0.59,0.55,0.57,0.61,0.62
24991,ISHAN GUNASEKARA,0.63,0.65,0.61,0.63,0.67,0.68
24992,CHAMIKA JAYAWARDENA,0.59,0.61,0.57,0.59,0.63,0.64
24993,UDARA GUNARATNE,0.53,0.55,0.51,0.53,0.57,0.58
24994,GEETHANI ,0.59,0.61,0.57,0.59,0.63,0.64
24995,NUWANTHA RATHNAYAKE,0.55,0.57,0.53,0.55,0.59,0.6
24996,DILSHAN GUNARATNE,0.49,0.51,0.47,0.49,0.53,0.54
24997,KUSAL JAYAWARDENA,0.55,0.57,0.53,0.55,0.59,0.6
24998,SASHINI GUNASEKARA,0.51,0.53,0.49,0.51,0.55,0.56
24999,THARAKA PERERA,0.45,0.47,0.43,0.45,0.49,0.5
25000,JANITHA GUNARATNE,0.51,0.53,0.49,0.51,0.55,0.56
25001,SANDUNI JAYASURIYA,0.47,0.49,0.45,0.47,0.51,0.52
25002,NUWAN GUNAWARDENA,0.41,0.43,0.39,0.41,0.45,0.46
25003,HASITHA GUNASEKARA,0.47,0.49,0.45,0.47,0.51,0.52
25004,SAJITH GUNARATNE,0.43,0.45,0.41,0.43,0.47,0.48
25005,DANUSHKA JAYAWARDENA,0.56,0.55,0.54,0.53,0.57,0.58
25006,UDITHA PERERA,0.43,0.45,0.41,0.43,0.47,0.48
25007,THARINDU GUNAWARDENA,0.58,0.6,0.62,0.58,0.62,0.63
25008,RUWAN PERERA,0.62,0.64,0.66,0.66,0.57,0.71
25009,PAMUDI ,0.66,0.68,0.7,0.7,0.61,0.69
25010,NIROSHAN RATHNAYAKE,0.7,0.72,0.74,0.74,0.65,0.73
25011,THULANGA WITHANA,0.74,0.76,0.78,0.78,0.69,0.77
25012,HARSHA PERERA,0.78,0.8,0.82,0.82,0.73,0.81
25013,DINUSHIKA GUNARATNE,0.82,0.84,0.86,0.86,0.77,0.85
25014,IMESH JAYAWARDENA,0.86,0.88,0.9,0.9,0.81,0.89
25015,KAVEESHA PERERA,0.9,0.92,0.94,0.94,0.85,0.93
25016,SAMEERA RATHNAYAKE,0.94,0.96,0.98,0.98,0.89,0.97
25017,KASUN GUNAWARDENA,0.98,1.0,0.97,0.97,0.93,0.95
25018,SAHAN JAYASURIYA,0.95,0.97,0.99,0.99,0.97,0.99
25019,THARINDU PERERA,0.92,0.94,0.96,0.96,0.94,0.97
25020,RANDIKA GUNARATNE,0.89,0.91,0.93,0.93,0.91,0.99
25021,PRAMUDITHA JAYAWARDENA,0.86,0.88,0.9,0.9,0.88,0.96
25022,ISHAN PERERA,0.83,0.85,0.87,0.87,0.85,0.93
25023,CHAMIKA GUNARATNE,0.8,0.82,0.84,0.84,0.82,0.9
25024,UDARA JAYAWARDENA,0.77,0.79,0.81,0.81,0.79,0.87
25025,NOWEN SILVA,0.74,0.76,0.78,0.78,0.76,0.84
25026,NUWANTHA PERERA,0.71,0.73,0.75,0.75,0.73,0.81
25027,DILSHAN RATHNAYAKE,0.68,0.7,0.72,0.72,0.7,0.78
25028,KUSAL GUNAWARDENA,0.65,0.67,0.69,0.69,0.67,0.75
25029,SASHINI JAYASURIYA,0.62,0.64,0.66,0.66,0.64,0.72
25030,THARAKA GUNARATNE,0.59,0.61,0.63,0.63,0.61,0.69
25031,BIYON FERNANDO,0.56,0.58,0.6,0.6,0.58,0.66
25032,SANJEEWANI WITHARAN,0.53,0.55,0.57,0.57,0.55,0.63
25033,MANOJ DE SILVA,0.5,0.52,0.54,0.54,0.52,0.6
25034,KAVINDI FERNANDO,0.47,0.49,0.51,0.51,0.49,0.57
25035,MADURI ,0.44,0.46,0.48,0.48,0.46,0.54
25036,UDESHIKA GUNASEKARA,0.41,0.43,0.45,0.45,0.43,0.51
25037,CHAMARI DE SILVA,0.49,0.51,0.53,0.53,0.4,0.48
25038,HEMANTHA DISANAYAKE,0.46,0.48,0.5,0.5,0.48,0.56
25039,DULANI GUNARATNE,0.54,0.56,0.58,0.58,0.45,0.53
25040,THILINI PERERA,0.51,0.53,0.55,0.55,0.53,0.61
25041,ANUKI RATHNAYAKE,0.59,0.61,0.63,0.63,0.5,0.58
25042,UDARA SAMPATH,0.56,0.58,0.6,0.6,0.58,0.66
25043,PAVITH SIRIWARDANA,0.64,0.66,0.68,0.68,0.55,0.63
25044,THARINI GUNASEKARA,0.61,0.63,0.65,0.65,0.63,0.71
25045,SITHUM SANGEETH,0.69,0.71,0.73,0.73,0.6,0.68
25046,DEVINDI RATHNAYAKE,0.66,0.68,0.7,0.7,0.68,0.76
25047,PAWAN DHANAJAYA,0.74,0.76,0.78,0.78,0.65,0.73
25048,PIUMI SILVA,0.71,0.73,0.75,0.75,0.73,0.81
25049,UDARI JAYASURIYA,0.79,0.81,0.83,0.83,0.7,0.78
25050,NISANSALA RATHNAYAKE,0.76,0.78,0.8,0.8,0.78,0.86
25051,AMAYA FERNANDO,0.84,0.86,0.88,0.88,0.75,0.83
25052,HASHINI PERERA,0.81,0.83,0.85,0.85,0.83,0.91
25053,ISHARA GUNARATNE,0.89,0.91,0.93,0.93,0.8,0.88
25054,UPEKSHA JAYAWARDENA,0.86,0.88,0.9,0.9,0.88,0.96
25055,CHAMILA DE SILVA,0.94,0.96,0.98,0.98,0.85,0.93
25056,SANDUNI RATHNAYAKE,0.91,0.93,0.95,0.95,0.93,0.98
25057,DULMINI GUNASEKARA,0.99,0.97,0.98,0.99,0.9,0.98
25058,NIPUNI BAGHYA,0.96,0.98,0.96,1.0,0.94,0.96
25059,ANUSHA PERERA,0.88,0.9,0.92,0.92,0.95,0.97
25060,ACHINI DILSHARA,0.96,0.98,0.97,1.0,0.87,0.95
25061,DILSHANI KAWINDYA,0.93,0.95,0.97,0.97,0.95,0.99
25062,THARINI JAYAWARDENA,0.85,0.87,0.89,0.89,0.92,0.96
25063,ANJANA,0.93,0.95,0.97,0.97,0.84,0.92
25064,PAMIDU KALUARACHCHI,0.9,0.92,0.94,0.94,0.92,1.0
25065,HANSIKA ,0.82,0.84,0.86,0.86,0.89,0.97
25066,PIUMI GUNARATNE,0.9,0.92,0.94,0.94,0.81,0.89
25067,UDARI FERNANDO,0.87,0.89,0.91,0.91,0.89,0.97
25068,RAJAPAKSHA,0.79,0.81,0.83,0.83,0.86,0.94
25069,GEETHANJALI SILVA,0.87,0.89,0.91,0.91,0.78,0.86
25070,DEVNAKA ,0.84,0.86,0.88,0.88,0.86,0.94
25071,MANJELA WEERAPPAN,0.76,0.78,0.8,0.8,0.83,0.91
25072,SAMUDI KUMAR,0.84,0.86,0.88,0.88,0.75,0.83
25073,MAHESH ,0.81,0.83,0.85,0.85,0.83,0.91
25074,SANDUNI GUNASEKARA,0.73,0.75,0.77,0.77,0.8,0.88
25075,KARUPPUARACHCHI,0.81,0.83,0.85,0.85,0.72,0.8
25076,THILINI DE SILVA,0.78,0.8,0.82,0.82,0.8,0.88
25077,ANUSHA GUNARATNE,0.7,0.72,0.74,0.74,0.77,0.85
25078,SHANIKA JAYAWARDENA,0.78,0.8,0.82,0.82,0.69,0.77
25079,MALSHA PERERA,0.75,0.77,0.79,0.79,0.77,0.85
25080,SAUMYA HETTIARACGHCHI,0.67,0.69,0.71,0.71,0.74,0.82
25081,MOHOMAD ANFAS,0.75,0.77,0.79,0.79,0.66,0.74
25082,DEVINDI GUNASEKARA,0.72,0.74,0.76,0.76,0.74,0.82
25083,SAMADHI JAYASURIYA,0.64,0.66,0.68,0.68,0.71,0.79
25084,PIUMI RATHNAYAKE,0.72,0.74,0.76,0.76,0.63,0.71
25085,MOHOMAD BILAL,0.69,0.71,0.73,0.73,0.71,0.79
25086,GAURI PRAKASH,0.61,0.63,0.65,0.65,0.68,0.76
25087,AMAYA PERERA,0.69,0.71,0.73,0.73,0.6,0.68
25088,HASHINI JAYASURIYA,0.66,0.68,0.7,0.7,0.68,0.76
25089,ISHARA RATHNAYAKE,0.58,0.6,0.62,0.62,0.65,0.73
25090,SAMUDHI WINDYA,0.66,0.68,0.7,0.7,0.57,0.65
25091,CHAMILA GUNASEKARA,0.63,0.65,0.67,0.67,0.65,0.73
25092,SARITH UDANA,0.55,0.57,0.59,0.59,0.62,0.7
25093,DULMINI RATHNAYAKE,0.63,0.65,0.67,0.67,0.54,0.62
25094,THILINI GUNAWARDENA,0.6,0.62,0.64,0.64,0.62,0.7
25095,ANUSHA FERNANDO,0.52,0.54,0.56,0.56,0.59,0.67
25096,UDITH KLDERA,0.6,0.62,0.64,0.64,0.51,0.59
25097,MAHEESH GAMAGE,0.57,0.59,0.61,0.61,0.59,0.67
25098,THARUSHIKA LAVANYA,0.49,0.51,0.53,0.53,0.56,0.64
25099,GAYATHRI RATHNAYAKE,0.57,0.59,0.61,0.61,0.48,0.56
25100,DEVINDI GUNAWARDENA,0.54,0.56,0.58,0.58,0.56,0.64
25101,SAMADHI PERERA,0.46,0.48,0.5,0.5,0.53,0.61
25102,PIUMI JAYAWARDENA,0.54,0.56,0.58,0.58,0.45,0.53
25103,UDARI GUNASEKARA,0.51,0.53,0.55,0.55,0.53,0.61
25104,MADULI HIRANYA,0.43,0.45,0.47,0.47,0.5,0.58
25105,AMAYA GUNARATNE,0.51,0.53,0.55,0.55,0.42,0.5
25106,HASHINI FERNANDO,0.48,0.5,0.52,0.52,0.5,0.58
25107,ISHARA GUNAWARDENA,0.4,0.42,0.44,0.44,0.47,0.55
25108,UPEKSHA RATHNAYAKE,0.48,0.5,0.52,0.52,0.39,0.47
25109,CHAMILA JAYASURIYA,0.45,0.47,0.49,0.49,0.47,0.55
25110,SANDUNI PERERA,0.56,0.58,0.6,0.6,0.44,0.52
25111,DULMINI GUNARATNE,0.45,0.47,0.49,0.49,0.55,0.63
25112,THILINI JAYAWARDENA,0.42,0.44,0.46,0.46,0.44,0.52
25113,KAWSHIKI ,0.53,0.55,0.57,0.57,0.41,0.49
25114,SHANIKA PERERA,0.42,0.44,0.46,0.46,0.52,0.6
25115,MALSHA GUNARATNE,0.49,0.54,0.52,0.55,0.5,0.56
25116,THARINI JAYASURIYA,0.56,0.61,0.59,0.62,0.57,0.63
25117,GAYATHRI GUNAWARDENA,0.63,0.68,0.66,0.69,0.64,0.7
25118,DEVINDI JAYAWARDENA,0.7,0.75,0.73,0.76,0.71,0.77
25119,SAMADHI GUNASEKARA,0.77,0.82,0.8,0.83,0.78,0.84
25120,SHENALI RAVISHA,0.84,0.89,0.87,0.9,0.85,0.91
25121,WISHAWANANDA,0.79,0.84,0.82,0.85,0.8,0.86
25122,NISANSALA GUNARATNE,0.74,0.79,0.77,0.8,0.75,0.81
25123,AMAYA JAYAWARDENA,0.69,0.74,0.72,0.75,0.7,0.76
25124,VENURA BANDARA,0.64,0.69,0.67,0.7,0.65,0.71
25125,ISHARA PERERA,0.59,0.64,0.62,0.65,0.6,0.66
25126,UPEKSHA GUNARATNE,0.54,0.59,0.57,0.6,0.55,0.61
25127,CHAMILA RATHNAYAKE,0.49,0.54,0.52,0.55,0.5,0.56
25128,SANDUNI GUNAWARDENA,0.44,0.49,0.47,0.5,0.45,0.51
25129,DULMINI JAYASURIYA,0.46,0.51,0.49,0.52,0.47,0.53
25130,THILINI GUNARATNE,0.48,0.53,0.51,0.54,0.49,0.55
25131,ANUSHA JAYAWARDENA,0.5,0.55,0.53,0.56,0.51,0.57
25132,SHANIKA RATHNAYAKE,0.52,0.57,0.55,0.58,0.53,0.59
25133,MALSHA FERNANDO,0.54,0.59,0.57,0.6,0.55,0.61
25134,GEETHMA RASOGANI,0.56,0.61,0.59,0.62,0.57,0.63
25135,GAYATHRI PERERA,0.58,0.63,0.61,0.64,0.59,0.65
25136,DEVINDI SILVA,0.6,0.65,0.63,0.66,0.61,0.67
25137,SAMADHI JAYAWARDENA,0.62,0.67,0.65,0.68,0.63,0.69
25138,PIUMI DE SILVA,0.64,0.69,0.67,0.7,0.65,0.71
25139,UDARI GUNARATNE,0.66,0.71,0.69,0.72,0.67,0.73
25140,NISANSALA JAYASURIYA,0.68,0.73,0.71,0.74,0.69,0.75
25141,AMAYA RATHNAYAKE,0.7,0.75,0.73,0.76,0.71,0.77
25142,HASHINI GUNASEKARA,0.72,0.77,0.75,0.78,0.73,0.79
25143,ISHARA JAYAWARDENA,0.74,0.79,0.77,0.8,0.75,0.81
25144,UPEKSHA FERNANDO,0.76,0.81,0.79,0.82,0.77,0.83
25145,CHAMILA PERERA,0.78,0.83,0.81,0.84,0.79,0.85
25146,SANDUNI GUNARATNE,0.8,0.85,0.83,0.86,0.81,0.87
25147,DULMINI JAYAWARDENA,0.82,0.87,0.85,0.88,0.83,0.89
25148,THILINI RATHNAYAKE,0.84,0.89,0.87,0.9,0.85,0.91
25149,ANUSHA GUNASEKARA,0.86,0.91,0.89,0.92,0.87,0.93
25150,SHANIKA GUNARATNE,0.88,0.93,0.91,0.94,0.89,0.95
25151,MALSHA JAYAWARDENA,0.9,0.95,0.93,0.96,0.91,0.97
25152,THARINI PERERA,0.92,0.97,0.95,0.98,0.93,0.99
25153,GAYATHRI GUNASEKARA,0.94,0.99,0.97,1.0,0.95,0.98
25154,DEVINDI JAYASURIYA,0.96,0.98,0.99,0.99,0.94,1.0
25155,SAMADHI GUNARATNE,0.98,0.96,0.95,0.97,0.92,0.98
25156,PIUMI PERERA,1.0,0.98,0.99,0.99,0.94,1.0
25157,UDARI RATHNAYAKE,0.94,0.99,0.97,1.0,0.95,1.0
25158,NISANSALA GUNAWARDENA,0.88,0.93,0.91,0.94,0.89,0.95
25159,AMAYA JAYASURIYA,0.82,0.87,0.85,0.88,0.83,0.89
25160,HASHINI GUNARATNE,0.76,0.81,0.79,0.82,0.77,0.83
25161,ISHARA FERNANDO,0.7,0.75,0.73,0.76,0.71,0.77
25162,UPEKSHA GUNAWARDENA,0.64,0.69,0.67,0.7,0.65,0.71
25163,CHAMILA GUNARATNE,0.58,0.63,0.61,0.64,0.59,0.65
25164,SANDUNI JAYAWARDENA,0.52,0.57,0.55,0.58,0.53,0.59
25165,DULMINI PERERA,0.46,0.51,0.49,0.52,0.47,0.53
25166,THILINI GUNASEKARA,0.4,0.45,0.43,0.46,0.41,0.47
25167,ANUSHA RATHNAYAKE,0.44,0.49,0.47,0.5,0.45,0.51
25168,SHANIKA FERNANDO,0.48,0.53,0.51,0.54,0.49,0.55
25169,MALSHA JAYASURIYA,0.52,0.57,0.55,0.58,0.53,0.59
25170,THARINI GUNARATNE,0.56,0.61,0.59,0.62,0.57,0.63
25171,GAYATHRI JAYAWARDENA,0.6,0.65,0.63,0.66,0.61,0.67
25172,DEVINDI PERERA,0.64,0.69,0.67,0.7,0.65,0.71
25173,SAMADHI RATHNAYAKE,0.68,0.73,0.71,0.74,0.69,0.75
